item_id,title,brand,rating,num_ratings,price,shipping,img_url,max_res,display_port,hdmi,direct_x,model,shipping_fee
932,"GIGABYTE GeForce RTX 4070 Ti GAMING OC 12G Graphics Card, 3x WINDFORCE Fans, 12GB 192-bit GDDR6X, GV-N407TGAMING OC-12GD Video Card",GIGABYTE,4.9,39,849.99,Free Shipping,https://www.newegg.com/gigabyte-geforce-rtx-4070-ti-gv-n407tgaming-oc-12gd/p/N82E16814932580,7680 x 4320,3 x DisplayPort 1.4,1 x HDMI 2.1,,GV-N407TGAMING OC-12GD,0.0
932,GIGABYTE Gaming GeForce RTX 4080 16GB GDDR6X PCI Express 4.0 x16 ATX Video Card GV-N4080GAMING OC-16GD,GIGABYTE,4.3,95,1263.77,Free Shipping,https://www.newegg.com/gigabyte-geforce-rtx-4080-gv-n4080gaming-oc-16gd/p/N82E16814932561,7680 x 4320,3 x DisplayPort 1.4a,1 x HDMI 2.1,DirectX 12,GV-N4080GAMING OC-16GD,0.0
932,GIGABYTE EAGLE OC GeForce RTX 4080 16GB GDDR6X PCI Express 4.0 x16 ATX Video Card GV-N4080EAGLE OC-16GD,GIGABYTE,4.0,39,1239.99,Free Shipping,https://www.newegg.com/gigabyte-geforce-rtx-4080-gv-n4080eagle-oc-16gd/p/N82E16814932562,7680 x 4320,3 x DisplayPort 1.4a,1 x HDMI 2.1,DirectX 12,GV-N4080EAGLE OC-16GD,0.0
137,MSI Ventus GeForce RTX 4080 16GB GDDR6X PCI Express 4.0 Video Card RTX 4080 16GB VENTUS 3X OC,MSI,4.6,32,1249.99,Free Shipping,https://www.newegg.com/msi-geforce-rtx-4080-rtx-4080-16gb-ventus-3x-oc/p/N82E16814137765,7680 x 4320,3 x DisplayPort 1.4a,1 x HDMI 2.1,DirectX 12 Ultimate,RTX 4080 16GB VENTUS 3X OC,0.0
150,"XFX SPEEDSTER MERC319 AMD Radeon RX 6800 XT CORE Gaming Graphics Card with 16GB GDDR6 HDMI 3 x DP, AMD RDNA 2 (RX-68XTALFD9)",XFX,4.3,28,579.99,Free Shipping,https://www.newegg.com/xfx-radeon-rx-6800-xt-rx-68xtalfd9/p/N82E16814150848,,3 x DisplayPort 1.4,1 x HDMI 2.1,,RX-68XTALFD9,0.0
137,MSI Mech Radeon RX 6500 XT 4GB GDDR6 PCI Express 4.0 Video Card RX 6500 XT MECH 2X 4G OC,MSI,4.2,13,164.99,Free Shipping,https://www.newegg.com/msi-radeon-rx-6500-xt-rx-6500-xt-mech-2x-4g-oc/p/N82E16814137709,7680 x 4320,1 x DisplayPort 1.4a,1 x HDMI 2.1,,RX 6500 XT MECH 2X 4G OC,0.0
137,MSI Suprim GeForce RTX 4090 24GB GDDR6X PCI Express 4.0 Video Card RTX 4090 SUPRIM LIQUID X 24G,MSI,4.7,72,1799.99,$19.99 Shipping,https://www.newegg.com/msi-geforce-rtx-4090-rtx-4090-suprim-liquid-x-24g/p/N82E16814137759,7680 x 4320,3 x DisplayPort 1.4a,1 x HDMI 2.1,DirectX 12 Ultimate,RTX 4090 SUPRIM LIQUID X 24G,19.99
883,Intel Arc A770 Limited Edition 16GB PCI Express 4.0 Graphics Card 21P01J00BA,Intel,4.3,143,349.0,Free Shipping,https://www.newegg.com/intel-21p01j00ba/p/N82E16814883001,7680 x 4320,3 x DisplayPort 2.0,1 x HDMI 2.1,,21P01J00BA,0.0
932,GIGABYTE Gaming GeForce RTX 4090 24GB GDDR6X PCI Express 4.0 x16 ATX Video Card GV-N4090GAMING OC-24GD,GIGABYTE,4.7,154,1699.99,$9.99 Shipping,https://www.newegg.com/gigabyte-geforce-rtx-4090-gv-n4090gaming-oc-24gd/p/N82E16814932550,7680 x 4320,3 x DisplayPort 1.4,1 x HDMI 2.1,,GV-N4090GAMING OC-24GD,9.99
932,GIGABYTE Gaming OC Radeon RX 6750 XT 12GB GDDR6 PCI Express 4.0 ATX Video Card GV-R675XTGAMING OC-12GD,GIGABYTE,4.5,60,399.99,Free Shipping,https://www.newegg.com/gigabyte-gv-r675xtgaming-oc-12gd/p/N82E16814932519,7680 x 4320,2 x DisplayPort 1.4a,2 x HDMI 2.1,,GV-R675XTGAMING OC-12GD,0.0
930,ASRock Challenger D Radeon RX 6700 XT 12GB GDDR6 PCI Express 4.0 Video Card RX6700XT CLD 12GO,ASRock,4.6,68,344.99,Free Shipping,https://www.newegg.com/asrock-radeon-rx-6700-xt-rx6700xt-cld-12go/p/N82E16814930059,7680 x 4320,3 x DisplayPort 1.4,1 x HDMI 2.1,,RX6700XT CLD 12GO,0.0
137,MSI Gaming GeForce RTX 4090 24GB GDDR6X PCI Express 4.0 Video Card RTX 4090 GAMING X TRIO 24G,MSI,4.6,72,1649.99,Free Shipping,https://www.newegg.com/msi-geforce-rtx-4090-rtx-4090-gaming-x-trio-24g/p/N82E16814137761,7680 x 4320,3 x DisplayPort 1.4a,1 x HDMI 2.1,DirectX 12 Ultimate,RTX 4090 GAMING X TRIO 24G,0.0
137,MSI Ventus GeForce RTX 3060 12GB GDDR6 PCI Express 4.0 Video Card RTX 3060 Ventus 2X 12G OC,MSI,4.8,301,364.99,Free Shipping,https://www.newegg.com/msi-geforce-rtx-3060-rtx-3060-ventus-2x-12g-oc/p/N82E16814137632,7680 x 4320,3 x DisplayPort 1.4a,1 x HDMI 2.1,,RTX3060Ventus2X12GOC,0.0
126,"ASUS ROG Strix GeForce RTX 4090 OC Edition Gaming Graphics Card (PCIe 4.0, 24GB GDDR6X, HDMI 2.1a, DisplayPort 1.4a) ROG-STRIX-RTX4090-O24G-GAMING",ASUS,4.8,45,2009.99,$19.99 Shipping,https://www.newegg.com/asus-geforce-rtx-4090-rog-strix-rtx4090-o24g-gaming/p/N82E16814126593,7680 x 4320,3 x DisplayPort 1.4a,2 x HDMI 2.1,,ROG-STRIX-RTX4090-O24G-GAMING,19.99
932,"GIGABYTE Radeon RX 6800 GAMING OC 16G Graphics Card, WINDFORCE 3X Cooling System, 16GB 256-bit GDDR6, GV-R68GAMING OC-16GD Video Card, Powered by AMD RDNA 2, HDMI 2.1",GIGABYTE,4.4,36,449.99,$14.99 Shipping,https://www.newegg.com/gigabyte-radeon-rx-6800-gv-r68gaming-oc-16gd/p/N82E16814932382,7680 x 4320,2 x DisplayPort 1.4a,2 x HDMI 2.1,,GV-R68GAMING OC-16GD,14.99
137,MSI Mech Radeon RX 6650 XT 8GB GDDR6 PCI Express 4.0 Video Card RX 6650 XT MECH 2X 8G OC,MSI,4.5,83,279.99,Free Shipping,https://www.newegg.com/msi-rx-6650-xt-mech-2x-8g-oc/p/N82E16814137737,7680 x 4320,3 x DisplayPort 1.4a,1 x HDMI 2.1,,RX 6650 XT MECH 2X 8G OC,0.0
932,"GIGABYTE GeForce RTX 4070 Ti AERO OC 12G Graphics Card, 3x WINDFORCE Fans, 12GB 192-bit GDDR6X, GV-N407TAERO OC-12GD Video Card",GIGABYTE,4.8,33,899.99,Free Shipping,https://www.newegg.com/gigabyte-geforce-rtx-4070-ti-gv-n407taero-oc-12gd/p/N82E16814932582,7680 x 4320,3 x DisplayPort 1.4,1 x HDMI 2.1,,GV-N407TAERO OC-12GD,0.0
930,ASRock Radeon RX 6600 8GB GDDR6 PCI Express 4.0 Video Card RX6600 CLD 8G,ASRock,4.7,162,219.99,Free Shipping,https://www.newegg.com/asrock-radeon-rx-6600-rx6600-cld-8g/p/N82E16814930066,7680 x 4320,3 x DisplayPort 1.4,1 x HDMI 2.1,,RX6600 CLD 8G,0.0
137,MSI Gaming GeForce RTX 4070 Ti 12GB GDDR6X PCI Express 4.0 Video Card RTX 4070 Ti GAMING X TRIO 12G,MSI,4.8,57,879.99,Free Shipping,https://www.newegg.com/msi-geforce-rtx-4070-ti-rtx-4070-ti-gaming-x-trio-12g/p/N82E16814137771,7680 x 4320,3 x DisplayPort 1.4a,1 x HDMI 2.1a,DirectX 12 Ultimate,RTX 4070 Ti GAMING X TRIO 12G,0.0
126,"ASUS TUF Gaming GeForce RTX 4090 OC Edition Gaming Graphics Card (PCIe 4.0, 24GB GDDR6X, HDMI 2.1a, DisplayPort 1.4a) TUF-RTX4090-O24G-GAMING",ASUS,4.4,59,1799.99,Free Shipping,https://www.newegg.com/asus-geforce-rtx-4090-tuf-rtx4090-o24g-gaming/p/N82E16814126594,7680 x 4320,3 x DisplayPort 1.4a,2 x HDMI 2.1,,TUF-RTX4090-O24G-GAM,0.0
126,"ASUS TUF Gaming NVIDIA GeForce RTX 4070 Ti OC Edition Gaming Graphics Card (PCIe 4.0, 12GB GDDR6X, HDMI 2.1a, DisplayPort 1.4a) TUF-RTX4070TI-O12G-GAMING",ASUS,4.6,48,849.99,Free Shipping,https://www.newegg.com/asus-geforce-rtx-4070-ti-tuf-rtx4070ti-o12g-gaming/p/N82E16814126606,7680 x 4320,3 x DisplayPort 1.4a,2 x HDMI 2.1a,,TUF-RTX4070TI-O12G-GAMING,0.0
930,ASRock Phantom Gaming Radeon RX 7900 XT 20GB GDDR6 PCI Express 4.0 ATX Video Card RX7900XT PG 20GO,ASRock,4.9,9,799.99,Free Shipping,https://www.newegg.com/asrock-radeon-rx-7900-xt-rx7900xt-pg-20go/p/N82E16814930083,7680 x 4320,3 x DisplayPort 2.1,1 x HDMI 2.1,,RX7900XT PG 20GO,0.0
150,XFX SPEEDSTER MERC310 Radeon RX 7900 XTX 24GB GDDR6 PCI Express 4.0 x16 Video Card RX-79XMERCB9,XFX,4.7,41,1029.99,Free Shipping,https://www.newegg.com/xfx-radeon-rx-7900-xtx-rx-79xmercb9/p/N82E16814150878,7680 x 4320,3 x DisplayPort 2.1,1 x HDMI 2.1,,RX-79XMERCB9,0.0
930,ASRock Challenger Arc A380 6GB GDDR6 PCI Express 4.0 ITX Video Card A380 CLI 6G OC,ASRock,3.8,54,119.99,Free Shipping,https://www.newegg.com/asrock-arc-a380-a380-cli-6g/p/N82E16814930076,7680 x 4320,3 x DisplayPort 2.0,1 x HDMI 2.0b,,A380 CLI 6G OC,0.0
202,SAPPHIRE NITRO Radeon RX 7900 XTX 24GB GDDR6 PCI Express 4.0 x16 ATX Video Card 11322-01-40G,Sapphire Tech,4.6,16,1179.99,Free Shipping,https://www.newegg.com/sapphire-radeon-rx-7900-xtx-11322-01-40g/p/N82E16814202428,7680 x 4320,2 x DisplayPort 2.1,2 x HDMI 2.1,,11322-01-40G,0.0
137,MSI Suprim GeForce RTX 4090 24GB GDDR6X PCI Express 4.0 Video Card RTX 4090 SUPRIM X 24G,MSI,4.4,22,1739.99,$19.99 Shipping,https://www.newegg.com/msi-geforce-rtx-4090-rtx-4090-suprim-x-24g/p/N82E16814137760,7680 x 4320,3 x DisplayPort 1.4a,1 x HDMI 2.1,DirectX 12 Ultimate,RTX 4090 SUPRIM X 24G,19.99
930,ASRock Phantom Gaming D Radeon RX 6600 XT 8GB GDDR6 PCI Express 4.0 Video Card RX6600XT PGD 8GO,ASRock,4.2,5,269.99,Free Shipping,https://www.newegg.com/asrock-radeon-rx-6600-xt-rx6600xt-pgd-8g/p/N82E16814930064,7680 x 4320,3 x DisplayPort 1.4 with DSC,1 x HDMI 2.1 VRR,,RX6600XT PGD 8GO,0.0
930,ASRock Phantom Gaming Radeon RX 7900 XTX 24GB GDDR6 PCI Express 4.0 ATX Video Card RX7900XTX PG 24GO,ASRock,4.0,13,999.99,Free Shipping,https://www.newegg.com/asrock-radeon-rx-7900-xtx-rx7900xtx-pg-24go/p/N82E16814930081,7680 x 4320,3 x DisplayPort 2.1,1 x HDMI 2.1,,RX7900XTX PG 24GO,0.0
930,ASRock Phantom Gaming Arc A770 8GB GDDR6 PCI Express 4.0 x16 ATX Video Card A770 PGD 8GO,ASRock,3.4,8,269.99,Free Shipping,https://www.newegg.com/asrock-arc-a770-a770-pgd-8go/p/N82E16814930077,7680 x 4320,3 x DisplayPort 2.0,1 x HDMI 2.1,,A770 PGD 8GO,0.0
126,"ASUS TUF Gaming GeForce RTX 4080 Gaming Graphics Card (PCIe 4.0, 16GB GDDR6X, HDMI 2.1a, DisplayPort 1.4a) TUF-RTX4080-16G-GAMING",ASUS,4.8,13,1199.0,Free Shipping,https://www.newegg.com/asus-geforce-rtx-4080-tuf-rtx4080-16g-gaming/p/N82E16814126599,7680 x 4320,3 x DisplayPort 1.4a,2 x HDMI 2.1,,TUF-RTX4080-16G-GAMING,0.0
126,"ASUS TUF Gaming NVIDIA GeForce RTX 3070 Ti OC V2 Graphics Card (PCIe 4.0, 8GB GDDR6X, HDMI 2.1, DisplayPort 1.4a, Military-grade Certification, GPU Tweak III) TUF-RTX3070TI-O8G-V2-GAMING",ASUS,4.9,16,649.99,Free Shipping,https://www.newegg.com/asus-geforce-rtx-3070-ti-tuf-rtx3070ti-o8g-v2-gaming/p/N82E16814126611,7680 x 4320,3 x DisplayPort 1.4a,2 x HDMI 2.1,,TUF-RTX3070TI-O8G-V2-GAMING,0.0
932,GIGABYTE Gaming OC GeForce RTX 3070 8GB GDDR6 PCI Express 4.0 ATX Video Card GV-N3070GAMING OC-8GD (rev. 2.0) (LHR),GIGABYTE,4.8,156,548.49,Free Shipping,https://www.newegg.com/gigabyte-geforce-rtx-3070-gv-n3070gaming-oc-8gd/p/N82E16814932449,7680 x 4320,2 x DisplayPort 1.4a,2 x HDMI 2.1,,GV-N3070GAMING OC-8G,0.0
932,GIGABYTE Eagle GeForce RTX 3070 8GB GDDR6 PCI Express 4.0 ATX Video Card GV-N3070EAGLE-8GD (rev. 2.0) (LHR),GIGABYTE,5.0,2,499.99,$9.99 Shipping,https://www.newegg.com/gigabyte-geforce-rtx-3070-gv-n3070eagle-8gd/p/N82E16814932452,7680 x 4320,2 x DisplayPort 1.4a,2 x HDMI 2.1,,GV-N3070EAGLE-8GD,9.99
137,MSI Gaming GeForce RTX 4090 24GB GDDR6X PCI Express 4.0 Video Card RTX 4090 GAMING TRIO 24G,MSI,4.6,62,1599.99,$14.99 Shipping,https://www.newegg.com/msi-geforce-rtx-4090-rtx-4090-gaming-trio-24g/p/N82E16814137762,7680 x 4320,3 x DisplayPort 1.4a,1 x HDMI 2.1,DirectX 12 Ultimate,RTX 4090 GAMING TRIO 24G,14.99
500,"ZOTAC GAMING GeForce RTX 3060 Ti Twin Edge OC LHR 8GB GDDR6 256-bit 14 Gbps PCIE 4.0 Gaming Graphics Card, IceStorm 2.0 Advanced Cooling, Active Fan Control, FREEZE Fan Stop ZT-A30610H-10MLHR",ZOTAC,4.7,87,419.99,Free Shipping,https://www.newegg.com/zotac-geforce-rtx-3060-ti-zt-a30610h-10mlhr/p/N82E16814500518,7680 x 4320,3 x DisplayPort 1.4a,1 x HDMI 2.1,,ZT-A30610H-10MLHR,0.0
137,MSI Ventus GeForce RTX 3060 12GB GDDR6 PCI Express 4.0 Video Card RTX 3060 Ventus 3X 12G OC,MSI,4.8,152,374.99,Free Shipping,https://www.newegg.com/msi-geforce-rtx-3060-rtx-3060-ventus-3x-12g-oc/p/N82E16814137631,7680 x 4320,3 x DisplayPort 1.4a,1 x HDMI 2.1,,RTX3060Ventus3X12GOC,0.0
930,ASRock Challenger Pro Radeon RX 6750 XT 12GB GDDR6 PCI Express 4.0 Video Card RX6750XT CLP 12GO,ASRock,4.3,27,379.99,Free Shipping,https://www.newegg.com/asrock-radeon-rx-6750-xt-rx6750xt-clp-12go/p/N82E16814930071,7680 x 4320,3 x DisplayPort 1.4,1 x HDMI 2.1,,RX6750XT CLP 12GO,0.0
932,"GIGABYTE Radeon RX 6800 XT GAMING OC 16G Graphics Card, WINDFORCE 3X Cooling System, 16GB 256-bit GDDR6, GV-R68XTGAMING OC-16GD Video Card, Powered by AMD RDNA 2, HDMI 2.1",GIGABYTE,4.3,58,569.99,Free Shipping,https://www.newegg.com/gigabyte-radeon-rx-6800-xt-gv-r68xtgaming-oc-16gd/p/N82E16814932381,7680 x 4320,2 x DisplayPort 1.4a,2 x HDMI 2.1,,GV-R68XTGAMING OC-16,0.0
930,ASRock Challenger Arc A750 8GB GDDR6 PCI Express 4.0 x16 ATX Video Card A750 CLD 8GO,ASRock,4.8,5,229.99,Free Shipping,https://www.newegg.com/asrock-arc-a750-a750-cld-8go/p/N82E16814930078,7680 x 4320,2 x DisplayPort,1 x HDMI 2.1,,A750 CLD 8GO,0.0
202,"SAPPHIRE NITRO+ Radeon RX 6800 XT 16GB GDDR6 PCI Express 4.0 ATX Gaming Graphics Card, AMD RDNA 2 11304-02-20G",Sapphire Tech,4.3,22,569.99,Free Shipping,https://www.newegg.com/sapphire-radeon-rx-6800-xt-11304-02-20g/p/N82E16814202391,7680 x 4320,3 x DisplayPort 1.4,1 x HDMI 2.1,,11304-02-20G,0.0
137,MSI Ventus GeForce RTX 3060 Ti 8GB GDDR6 PCI Express 4.0 Video Card RTX 3060 Ti VENTUS 3X 8G OC LHR,MSI,4.6,100,479.99,Free Shipping,https://www.newegg.com/msi-geforce-rtx-3060-ti-rtx-3060-ti-ventus-3x-8g-oc-lhr/p/N82E16814137680,7680 x 4320,3 x DisplayPort 1.4a,1 x HDMI 2.1,,RTX 3060 Ti VENTUS 3X 8G OC LHR,0.0
930,"ASRock Radeon RX 6800 Phantom Gaming D Gaming Graphics Card with 16GB GDDR6, AMD RDNA 2 (RX6800 PGD 16GO)",ASRock,4.3,58,484.99,Free Shipping,https://www.newegg.com/asrock-radeon-rx-6800-rx6800-pgd-16go/p/N82E16814930048,7680 x 4320,3 x DisplayPort 1.4 with DSC,1 x HDMI 2.1 VRR,,RX6800 PGD 16GO,0.0
137,MSI Mech Radeon RX 6600 XT 8GB GDDR6 PCI Express 4.0 ATX Video Card RX 6600 XT MECH 2X 8G OC,MSI,4.5,63,334.99,Free Shipping,https://www.newegg.com/msi-radeon-rx-6600-xt-rx6600xt-mech2x-8goc/p/N82E16814137682,7680 x 4320,3 x DisplayPort 1.4,1 x HDMI (Supports 4K@120Hz / 8K@60Hz and VRR as specified in HDMI 2.1),,RX6600XT MECH2X 8GOC,0.0
500,"ZOTAC GAMING GeForce RTX 4070 Ti Trinity OC DLSS 3 12GB GDDR6X 192-bit 21 Gbps PCIE 4.0 Gaming Graphics Card, IceStorm 2.0 Advanced Cooling, SPECTRA 2.0 RGB Lighting, ZT-D40710J-10P",ZOTAC,4.1,9,829.99,Free Shipping,https://www.newegg.com/zotac-geforce-rtx-4070-ti-zt-d40710j-10p/p/N82E16814500546,7680 x 4320,3 x DisplayPort 1.4a,1 x HDMI 2.1a,,ZT-D40710J-10P,0.0
202,SAPPHIRE NITRO+ Radeon RX 6950 XT 16GB GDDR6 PCI Express 4.0 ATX Video Card 11317-02-20G,Sapphire Tech,5.0,4,699.99,Free Shipping,https://www.newegg.com/sapphire-11317-02-20g/p/N82E16814202419,7680 x 4320,3 x DisplayPort 1.4,1 x HDMI,,11317-02-20G,0.0
932,GIGABYTE AERO GeForce RTX 4090 24GB GDDR6X PCI Express 4.0 x16 ATX Video Card GV-N4090AERO OC-24GD,GIGABYTE,5.0,4,1749.99,$19.99 Shipping,https://www.newegg.com/gigabyte-geforce-rtx-4090-gv-n4090aero-oc-24gd/p/N82E16814932601,7680 x 4320,3 x DisplayPort 1.4a,1 x HDMI 2.1,,GV-N4090AERO OC-24GD,19.99
932,GIGABYTE AORUS GeForce RTX 4090 24GB GDDR6X PCI Express 4.0 x16 ATX Video Card GV-N4090AORUS M-24GD,GIGABYTE,4.7,31,1809.99,$19.99 Shipping,https://www.newegg.com/gigabyte-geforce-rtx-4090-gv-n4090aorus-m-24gd/p/N82E16814932555,7680 x 4320,3 x DisplayPort 1.4,1 x HDMI 2.1,DirectX 12 Ultimate,GV-N4090AORUS M-24GD,19.99
932,"GIGABYTE Radeon RX 6600 EAGLE 8G Graphics Card, WINDFORCE 3X Cooling System, 8GB 128-bit GDDR6, GV-R66EAGLE-8GD Video Card",GIGABYTE,4.6,87,239.99,Free Shipping,https://www.newegg.com/gigabyte-radeon-rx-6600-gv-r66eagle-8gd/p/N82E16814932481,7680 x 4320,2 x DisplayPort 1.4a,2 x HDMI 2.1,,GV-R66EAGLE-8GD,0.0
932,"GIGABYTE Radeon RX 6700 XT EAGLE 12G Graphics Card, WINDFORCE 3X Cooling System, 12GB 192-bit GDDR6, GV-R67XTEAGLE-12GD Video Card",GIGABYTE,4.4,57,369.99,Free Shipping,https://www.newegg.com/gigabyte-radeon-rx-6700-xt-gv-r67xteagle-12gd/p/N82E16814932418,7680 x 4320,2 x DisplayPort 1.4a,2 x HDMI 2.1,,GV-R67XTEAGLE-12GD,0.0
930,ASRock OC Formula Radeon RX 6950 XT 16GB GDDR6 PCI Express 4.0 Video Card RX6950XT OCF 16G,ASRock,4.7,84,699.99,Free Shipping,https://www.newegg.com/asrock-radeon-rx-6950-xt-rx6950xt-ocf-16g/p/N82E16814930073,7680 x 4320,3 x DisplayPort 1.4,1 x HDMI 2.1,,RX6950XT OCF 16G,0.0
137,MSI Gaming GeForce RTX 3060 12GB GDDR6 PCI Express 4.0 Video Card RTX 3060 Gaming X 12G,MSI,4.8,170,379.99,Free Shipping,https://www.newegg.com/msi-geforce-rtx-3060-rtx-3060-gaming-x-12g/p/N82E16814137630,7680 x 4320,3 x DisplayPort 1.4a,1 x HDMI 2.1,,RTX 3060 Gaming X12G,0.0
137,MSI Gaming Radeon RX 7900 XTX 24GB GDDR6 PCI Express 4.0 ATX Video Card RX 7900 XTX GAMING TRIO CLASSIC 24G,MSI,4.9,17,1099.99,$14.99 Shipping,https://www.newegg.com/msi-radeon-rx-7900-xtx-rx-7900-xtx-gaming-trio-classic-24g/p/N82E16814137781,7680 x 4320,3 x DisplayPort 2.1,1 x HDMI 2.1,DirectX 12 Ultimate,RX 7900 XTX GAMING TRIO CLASSIC 24G,14.99
202,SAPPHIRE PULSE Radeon RX 7900 XTX 24GB GDDR6 PCI Express 4.0 x16 ATX Video Card 11322-02-20G,Sapphire Tech,4.9,9,1029.99,Free Shipping,https://www.newegg.com/sapphire-radeon-rx-7900-xtx-11322-02-20g/p/N82E16814202429,7680 x 4320,2 x DisplayPort 2.1,2 x HDMI 2.1,,11322-02-20G,0.0
137,MSI Gaming GeForce RTX 4080 16GB GDDR6X PCI Express 4.0 Video Card RTX 4080 16GB GAMING X TRIO,MSI,4.9,27,1279.92,Free Shipping,https://www.newegg.com/msi-geforce-rtx-4080-rtx-4080-16gb-gaming-x-trio/p/N82E16814137766,7680 x 4320,3 x DisplayPort 1.4a,1 x HDMI 2.1,DirectX 12 Ultimate,RTX 4080 16GB GAMING X TRIO,0.0
500,"ZOTAC GAMING GeForce RTX 3060 Twin Edge OC 12GB GDDR6 192-bit 15 Gbps PCIE 4.0 Gaming Graphics Card, IceStorm 2.0 Cooling, Active Fan Control, FREEZE Fan Stop ZT-A30600H-10M",ZOTAC,4.5,42,349.99,Free Shipping,https://www.newegg.com/zotac-geforce-rtx-3060-zt-a30600h-10m/p/N82E16814500508,7680 x 4320,3 x DisplayPort 1.4a,1 x HDMI 2.1,,ZT-A30600H-10M,0.0
137,MSI Mech Radeon RX 6750 XT 12GB GDDR6 PCI Express 4.0 Video Card RX 6750 XT MECH 2X 12G OC,MSI,4.4,52,382.99,Free Shipping,https://www.newegg.com/msi-rx-6750-xt-mech-2x-12g-oc/p/N82E16814137735,7680 x 4320,3 x DisplayPort 1.4,1 x HDMI 2.1,,RX 6750 XT MECH 2X 12G OC,0.0
126,"ASUS ROG Strix GeForce RTX 4090 Gaming Graphics Card (PCIe 4.0, 24GB GDDR6X, HDMI 2.1a, DisplayPort 1.4a) ROG-STRIX-RTX4090-24G-GAMING",ASUS,5.0,1,1949.99,$19.99 Shipping,https://www.newegg.com/asus-geforce-rtx-4090-rog-strix-rtx4090-24g-gaming/p/N82E16814126600,7680 x 4320,3 x DisplayPort 1.4a,2 x HDMI 2.1,,ROG-STRIX-RTX4090-24G-GAMING,19.99
137,MSI Gaming GeForce RTX 4080 16GB GDDR6X PCI Express 4.0 ATX Video Card RTX 4080 16GB GAMING X TRIO WHITE,MSI,4.5,2,1339.99,Free Shipping,https://www.newegg.com/msi-geforce-rtx-4080-rtx-4080-16gb-gaming-x-trio-white/p/N82E16814137784,7680 x 4320,3 x DisplayPort 1.4a,1 x HDMI 2.1a,DirectX 12 Ultimate,RTX 4080 16GB GAMING X TRIO WHITE,0.0
553,Acer Predator BiFrost Arc A770 Video Card Predator BiFrost Intel Arc A770 OC DP.BKCWW.P02,Acer America,4.6,17,339.99,Free Shipping,https://www.newegg.com/acer-predator-bifrost-intel-arc-a770-oc/p/N82E16814553001,7680 x 4320,3 x DisplayPort 2.0,1 x HDMI 2.1,,DP.BKCWW.P02,0.0
131,PowerColor Hellhound Radeon RX 7900 XTX 24GB GDDR6 PCI Express 4.0 ATX Video Card RX7900XTX 24G-L/OC,PowerColor,3.9,7,999.99,Free Shipping,https://www.newegg.com/powercolor-radeon-rx-7900-xtx-rx7900xtx-24g-l-oc/p/N82E16814131808,7680 x 4320,3 x DisplayPort 2.1,1 x HDMI 2.1,,RX7900XTX 24G-L/OC,0.0
930,ASRock Taichi Radeon RX 7900 XTX 24GB GDDR6 PCI Express 4.0 ATX Video Card RX7900XTX TC 24GO,ASRock,4.3,26,1119.99,Free Shipping,https://www.newegg.com/asrock-radeon-rx-7900-xtx-rx7900xtx-tc-24go/p/N82E16814930080,7680 x 4320,3 x DisplayPort 2.1,1 x HDMI 2.1,,RX7900XTX TC 24GO,0.0
137,MSI Mech Radeon RX 6700 XT 12GB GDDR6 PCI Express 4.0 Video Card RX 6700 XT MECH 2X 12G,MSI,4.4,65,369.99,Free Shipping,https://www.newegg.com/msi-radeon-rx-6700-xt-rx-6700-xt-mech-2x-12g/p/N82E16814137641,7680 x 4320,3 x DisplayPort 1.4,1 x HDMI 2.1,,RX 6700 XT MECH 2X 12G,0.0
150,"XFX SPEEDSTER SWFT309 AMD Radeon RX 6700 CORE Gaming Graphics Card with 10GB 160-Bit GDDR6, AMD RDNA 2, RX-67XLKWFDV",XFX,4.3,11,319.99,Free Shipping,https://www.newegg.com/xfx-radeon-rx-6700-rx-67xlkwfdv/p/N82E16814150874,7680 x 4320,3 x DisplayPort 1.4,1 x HDMI 2.1,,RX-67XLKWFDV,0.0
202,SAPPHIRE PULSE Radeon RX 6700 10GB GDDR6 PCI Express 4.0 ATX Video Card 11321-02-20G,Sapphire Tech,4.3,45,319.99,Free Shipping,https://www.newegg.com/sapphire-radeon-rx-6700-11321-02-20g/p/N82E16814202424,7680 x 4320,3 x DisplayPort 1.4,1 x HDMI 2.1,,11321-02-20G,0.0
930,ASRock Phantom Gaming Radeon RX 6800 XT 16GB GDDR6 PCI Express 4.0 Video Card RX6800XT PG 16GO,ASRock,4.7,3,564.99,Free Shipping,https://www.newegg.com/asrock-radeon-rx-6800-xt-rx6800xt-pg-16go/p/N82E16814930087,7680 x 4320,3 x DisplayPort 1.4,1 x HDMI 2.1,,RX6800XT PG 16GO,0.0
137,MSI Gaming Radeon RX 7900 XT 20GB GDDR6 PCI Express 4.0 ATX Video Card RX 7900 XT GAMING TRIO CLASSIC 20G,MSI,5.0,1,839.99,Free Shipping,https://www.newegg.com/msi-radeon-rx-7900-xt-rx-7900-xt-gaming-trio-classic-20g/p/N82E16814137782,7680 x 4320,3 x DisplayPort 2.1,1 x HDMI 2.1,DirectX 12 Ultimate,RX 7900 XT GAMING TRIO CLASSIC 20G,0.0
500,"ZOTAC GAMING GeForce RTX 3070 Ti 8GB GDDR6X 256-bit 19 Gbps PCIE 4.0 Gaming Graphics Card, IceStorm 2.0 Advanced Cooling, SPECTRA 2.0 RGB Lighting, ZT-A30710Q-10P",ZOTAC,5.0,1,599.99,Free Shipping,https://www.newegg.com/zotac-geforce-rtx-3070-ti-zt-a30710q-10p/p/N82E16814500547,7680 x 4320,3 x DisplayPort 1.4a,1 x HDMI 2.1,,ZT-A30710Q-10P,0.0
932,GIGABYTE Gaming OC Radeon RX 6650 XT 8GB GDDR6 PCI Express 4.0 ATX Video Card GV-R665XTGAMING OC-8GD,GIGABYTE,4.6,52,289.99,Free Shipping,https://www.newegg.com/gigabyte-gv-r665xtgaming-oc-8gd/p/N82E16814932520,7680 x 4320,2 x DisplayPort 1.4a,2 x HDMI 2.1,,GV-R665XTGAMING OC-8GD,0.0
932,GIGABYTE AERO OC GeForce RTX 4080 16GB GDDR6X PCI Express 4.0 ATX Video Card GV-N4080AERO OC-16GD,GIGABYTE,4.6,22,1299.99,Free Shipping,https://www.newegg.com/gigabyte-geforce-rtx-4080-gv-n4080aero-oc-16gd/p/N82E16814932560,7680 x 4320,3 x DisplayPort 1.4a,1 x HDMI 2.1,,GV-N4080AERO OC-16GD,0.0
932,GIGABYTE Gaming GeForce RTX 3070 Ti 8GB GDDR6X PCI Express 4.0 ATX Video Card GV-N307TGAMING OC-8GD,GIGABYTE,4.7,194,639.99,Free Shipping,https://www.newegg.com/gigabyte-geforce-rtx-3070-ti-gv-n307tgaming-oc-8g/p/N82E16814932443,7680 x 4320,2 x DisplayPort 1.4a,2 x HDMI 2.1,,GV-N307TGAMING OC-8G,0.0
930,ASRock Challenger D Radeon RX 6600 XT 8GB GDDR6 PCI Express 4.0 Video Card RX6600XT CLD 8GO,ASRock,4.6,92,274.99,Free Shipping,https://www.newegg.com/asrock-radeon-rx-6600-xt-rx6600xt-cld-8g/p/N82E16814930063,7680 x 4320,3 x DisplayPort 1.4 with DSC,1 x HDMI 2.1 VRR,,RX6600XT CLD 8GO,0.0
932,"GIGABYTE AORUS GeForce RTX 4070 Ti MASTER 12G Graphics Card, 3x WINDFORCE Fans, 12GB 192-bit GDDR6X, GV-N407TAORUS M-12GD Video Card",GIGABYTE,4.3,4,949.99,Free Shipping,https://www.newegg.com/gigabyte-geforce-rtx-4070-ti-gv-n407taorus-m-12gd/p/N82E16814932584,7680 x 4320,3 x DisplayPort 1.4a,1 x HDMI 2.1,,GV-N407TAORUS M-12GD,0.0
932,GIGABYTE Gaming OC GeForce RTX 3060 12GB GDDR6 PCI Express 4.0 ATX Video Card GV-N3060GAMING OC-12GD (rev. 2.0) (LHR),GIGABYTE,4.7,147,389.99,Free Shipping,https://www.newegg.com/gigabyte-geforce-rtx-3060-gv-n3060gaming-oc-12gd/p/N82E16814932433,7680 x 4320,2 x DisplayPort 1.4a,2 x HDMI 2.1,,GV-N3060GAM OC-12GD,0.0
932,"GIGABYTE GeForce RTX 4070 Ti EAGLE OC 12G Graphics Card, 3x WINDFORCE Fans, 12GB 192-bit GDDR6X, GV-N407TEAGLE OC-12GD Video Card",GIGABYTE,4.8,19,849.99,Free Shipping,https://www.newegg.com/gigabyte-geforce-rtx-4070-ti-gv-n407teagle-oc-12gd/p/N82E16814932581,7680 x 4320,3 x DisplayPort 1.4,1 x HDMI 2.1,,GV-N407TEAGLE OC-12GD,0.0
930,ASRock Radeon RX 7900 XTX 24GB GDDR6 PCI Express 4.0 Video Card RX7900XTX 24G,ASRock,4.4,8,1049.99,Free Shipping,https://www.newegg.com/asrock-radeon-rx-7900-xtx-radeon-rx7900xtx-24g/p/N82E16814930084,7680 x 4320,2 x DisplayPort 2.1,1 x HDMI 2.1,,RADEON RX7900XTX 24G,0.0
202,"Sapphire Pulse AMD RADEON RX 6800 GAMING GRAPHICS CARD WITH 16GB GDDR6, AMD RDNA 2 (11305-02-20G)",Sapphire Tech,4.6,31,509.99,Free Shipping,https://www.newegg.com/sapphire-radeon-rx-6800-11305-02-20g/p/N82E16814202394,7680 x 4320,3 x DisplayPort 1.4,1 x HDMI 2.1,,11305-02-20G,0.0
137,MSI Ventus GeForce RTX 4070 Ti 12GB GDDR6X PCI Express 4.0 Video Card RTX 4070 Ti VENTUS 3X 12G OC,MSI,4.1,29,829.99,Free Shipping,https://www.newegg.com/msi-geforce-rtx-4070-ti-rtx-4070-ti-ventus-3x-12g-oc/p/N82E16814137772,7680 x 4320,3 x DisplayPort 1.4a,1 x HDMI 2.1a,DirectX 12 Ultimate,RTX 4070 Ti VENTUS 3X 12G OC,0.0
932,GIGABYTE WINDFORCE OC GeForce RTX 3060 12GB GDDR6 PCI Express 4.0 x16 ATX Video Card GV-N3060WF2OC-12GD,GIGABYTE,5.0,6,349.99,Free Shipping,https://www.newegg.com/gigabyte-geforce-rtx-3060-gv-n3060wf2oc-12gd/p/N82E16814932579,7680 x 4320,2 x DisplayPort 1.4a,2 x HDMI 2.1,,GV-N3060WF2OC-12GD,0.0
932,GIGABYTE Eagle OC GeForce RTX 3060 12GB GDDR6 PCI Express 4.0 ATX Video Card GV-N3060EAGLE OC-12GD (rev. 2.0) (LHR),GIGABYTE,4.5,91,369.99,Free Shipping,https://www.newegg.com/gigabyte-geforce-rtx-3060-gv-n3060eagle-oc-12gd/p/N82E16814932434,7680 x 4320,2 x DisplayPort 1.4a,2 x HDMI 2.1,,GV-N3060EAGLE OC-12GD REV2.0,0.0
126,"ASUS Dual GeForce RTX 3060 OC Edition 8GB GDDR6 (PCIe 4.0, 8GB GDDR6, HDMI 2.1, DisplayPort 1.4a) DUAL-RTX3060-O8G",ASUS,5.0,2,339.99,Free Shipping,https://www.newegg.com/asus-geforce-rtx-3060-dual-rtx3060-o8g/p/N82E16814126602,7680 x 4320,3 x DisplayPort 1.4a,1 x HDMI 2.1,,DUAL-RTX3060-O8G,0.0
126,"ASUS ROG Strix GeForce RTX 4080 OC Edition Gaming Graphics Card (PCIe 4.0, 16GB GDDR6X, HDMI 2.1a, DisplayPort 1.4a) ROG-STRIX-RTX4080-O16G-GAMING",ASUS,4.8,20,1489.99,Free Shipping,https://www.newegg.com/asus-geforce-rtx-4080-rog-strix-rtx4080-o16g-gaming/p/N82E16814126597,7680 x 4320,3 x DisplayPort 1.4a,2 x HDMI 2.1,,ROG-STRIX-RTX4080-O16G-GAMING,0.0
930,ASRock Challenger D Radeon RX 6650 XT 8GB GDDR6 PCI Express 4.0 Video Card RX6650XT CLD 8GO,ASRock,4.9,25,279.99,Free Shipping,https://www.newegg.com/asrock-radeon-rx-6650-xt-rx6650xt-cld-8go/p/N82E16814930070,7680 x 4320,3 x DisplayPort 1.4,1 x HDMI 2.1,,RX6650XT CLD 8GO,0.0
932,GIGABYTE AORUS Radeon RX 7900 XTX 24GB GDDR6 PCI Express 4.0 x16 ATX Video Card GV-R79XTXAORUS E-24GD,GIGABYTE,3.8,10,1149.99,$9.99 Shipping,https://www.newegg.com/gigabyte-radeon-rx-7900-xtx-gv-r79xtxaorus-e-24gd/p/N82E16814932586,7680 x 4320,2 x DisplayPort 2.1,2 x HDMI 2.1,,GV-R79XTXAORUS E-24GD,9.99
126,"ASUS ROG Strix NVIDIA GeForce RTX 4070 Ti OC Edition Gaming Graphics Card (PCIe 4.0, 12GB GDDR6X, HDMI 2.1a, DisplayPort 1.4a) ROG-STRIX-RTX4070TI-O12G-GAMING",ASUS,4.7,9,1049.99,Free Shipping,https://www.newegg.com/asus-geforce-rtx-4070-ti-rog-strix-rtx4070ti-o12g-gaming/p/N82E16814126604,7680 x 4320,3 x DisplayPort 1.4a,2 x HDMI 2.1a,,ROG-STRIX-RTX4070TI-O12G-GAMING,0.0
202,SAPPHIRE PULSE Radeon RX 7900 XT 20GB GDDR6 PCI Express 4.0 x16 ATX Video Card 11323-02-20G,Sapphire Tech,4.7,9,819.99,Free Shipping,https://www.newegg.com/sapphire-radeon-rx-7900-xt-11323-02-20g/p/N82E16814202431,7680 x 4320,2 x DisplayPort 2.1,2 x HDMI 2.1,,11323-02-20G,0.0
500,"ZOTAC GAMING GeForce RTX 4090 Trinity OC DLSS 3 24GB GDDR6X 384-bit 21 Gbps PCIE 4.0 Gaming Graphics Card, IceStorm 3.0 Advanced Cooling, SPECTRA 2.0 RGB Lighting, ZT-D40900J-10P",ZOTAC,5.0,9,1649.99,$19.99 Shipping,https://www.newegg.com/zotac-geforce-rtx-4090-zt-d40900j-10p/p/N82E16814500540,,3 x DisplayPort 1.4a,1 x HDMI 2.1,DirectX 12 Ultimate,ZT-D40900J-10P,19.99
126,"ASUS TUF Gaming NVIDIA GeForce RTX 3060 Ti OC Edition Graphics Card (PCIe 4.0, 8GB GDDR6X, HDMI 2.1, DisplayPort 1.4a, Dual Ball Fan Bearings, Military-grade Certification, GPU Tweak III)",ASUS,5.0,6,479.99,Free Shipping,https://www.newegg.com/asus-geforce-rtx-3060-ti-tuf-rtx3060ti-o8gd6x-gaming/p/N82E16814126620,7680 x 4320,3 x DisplayPort 1.4a,2 x HDMI 2.1,,TUF-RTX3060TI-O8GD6X-GAMING,0.0
932,GIGABYTE Gaming Radeon RX 7900 XTX 24GB GDDR6 PCI Express 4.0 x16 ATX Video Card GV-R79XTXGAMING OC-24GD,GIGABYTE,4.1,15,1099.99,Free Shipping,https://www.newegg.com/gigabyte-radeon-rx-7900-xtx-gv-r79xtxgaming-oc-24gd/p/N82E16814932587,7680 x 4320,2 x DisplayPort 2.1,2 x HDMI 2.1,,GV-R79XTXGAMING OC-24GD,0.0
126,"ASUS Dual NVIDIA GeForce RTX 3070 V2 OC Edition Gaming Graphics Card (PCIe 4.0, 8GB GDDR6, LHR, HDMI 2.1, DisplayPort 1.4a, Axial-tech Fan Design, Dual BIOS, Protective Backplate)",ASUS,5.0,16,569.99,Free Shipping,https://www.newegg.com/asus-geforce-rtx-3070-dual-rtx3070-o8g-v2/p/N82E16814126531,7680 x 4320,3 x DisplayPort 1.4a,2 x HDMI 2.1,,DUAL-RTX3070-O8G-V2,0.0
930,ASRock Radeon RX 7900 XT 20GB GDDR6 PCI Express 4.0 Video Card RX7900XT 20G,ASRock,4.8,15,849.99,Free Shipping,https://www.newegg.com/asrock-radeon-rx-7900-xt-radeon-rx7900xt-20g/p/N82E16814930085,7680 x 4320,2 x DisplayPort 2.1,1 x HDMI 2.1,,RADEON RX7900XT 20G,0.0
126,"ASUS Dual NVIDIA GeForce RTX 3060 Ti White OC Edition Graphics Card (PCIe 4.0, 8GB GDDR6X memory, HDMI 2.1, DisplayPort 1.4a, 2-slot design, Axial-tech fan design, 0dB technology)",ASUS,5.0,1,469.99,Free Shipping,https://www.newegg.com/asus-geforce-rtx-3060-ti-dual-rtx3060ti-o8gd6x-white/p/N82E16814126614,7680 x 4320,3 x DisplayPort 1.4a,1 x HDMI 2.1,,DUAL-RTX3060TI-O8GD6X-WHITE,0.0
137,MSI Ventus GeForce RTX 3060 8GB GDDR6 PCI Express 4.0 ATX Video Card RTX 3060 VENTUS 2X 8G OC,MSI,5.0,1,339.99,Free Shipping,https://www.newegg.com/msi-geforce-rtx-3060-rtx-3060-ventus-2x-8g-oc/p/N82E16814137769,7680 x 4320,3 x DisplayPort 1.4a,1 x HDMI 2.1,DirectX 12 Ultimate,RTX 3060 VENTUS 2X 8G OC,0.0
131,PowerColor Hellhound Radeon RX 7900 XT 20GB GDDR6 PCI Express 4.0 ATX Video Card RX7900XT 20G-L/OC,PowerColor,4.8,20,849.99,Free Shipping,https://www.newegg.com/powercolor-radeon-rx-7900-xt-rx7900xt-20g-l-oc/p/N82E16814131810,7680 x 4320,3 x DisplayPort 2.1,1 x HDMI 2.1,,RX7900XT 20G-L/OC,0.0
137,MSI Gaming GeForce RTX 4070 Ti 12GB GDDR6X PCI Express 4.0 Video Card RTX 4070 Ti GAMING TRIO 12G,MSI,4.4,17,869.99,Free Shipping,https://www.newegg.com/msi-geforce-rtx-4070-ti-rtx-4070-ti-gaming-trio-12g/p/N82E16814137778,7680 x 4320,3 x DisplayPort 1.4a,1 x HDMI 2.1a,DirectX 12 Ultimate,RTX 4070 Ti GAMING TRIO 12G,0.0
930,"ASRock Radeon RX 6800 XT Taichi Gaming Graphics Card with 16GB GDDR6, AMD RDNA 2 (RX6800XT TCX 16GO)",ASRock,4.1,59,579.99,Free Shipping,https://www.newegg.com/asrock-radeon-rx-6800-xt-rx6800xt-tcx-16go/p/N82E16814930050,7680 x 4320,2 x DisplayPort 1.4 with DSC,1 x HDMI 2.1 VRR,,RX6800XT TCX 16GO,0.0
137,MSI Ventus GeForce RTX 3060 Ti 8GB GDDR6 PCI Express 4.0 Video Card RTX 3060 Ti VENTUS 2X 8G OCV1 LHR,MSI,4.7,115,469.99,Free Shipping,https://www.newegg.com/msi-geforce-rtx-3060-ti-rtx-3060-ti-ventus-2x-8g-ocv1-lhr/p/N82E16814137673,7680 x 4320,3 x DisplayPort 1.4a,1 x HDMI 2.1,,RTX306TVENTUS2X8OCV1,0.0
137,MSI Gaming GeForce RTX 3050 8GB GDDR6 PCI Express 4.0 Video Card RTX 3050 Gaming X 8G,MSI,4.9,43,329.99,Free Shipping,https://www.newegg.com/msi-geforce-rtx-3050-rtx-3050-gaming-x-8g/p/N82E16814137707,7680 x 4320,3 x DisplayPort 1.4a,1 x HDMI 2.1,,RTX 3050 Gaming X 8G,0.0
137,MSI Suprim X GeForce RTX 4080 16GB GDDR6X PCI Express 4.0 Video Card RTX 4080 16GB SUPRIM X,MSI,4.8,34,1389.99,Free Shipping,https://www.newegg.com/msi-geforce-rtx-4080-rtx-4080-16gb-suprim-x/p/N82E16814137767,7680 x 4320,3 x DisplayPort 1.4a,1 x HDMI 2.1,DirectX 12 Ultimate,RTX 4080 16GB SUPRIM X,0.0
126,ASUS TUF Gaming GeForce RTX 3060 12GB GDDR6 PCI Express 4.0 ATX Video Card TUF-RTX3060-O12G-DEMONSLAYER,ASUS,5.0,2,489.99,Free Shipping,https://www.newegg.com/asus-geforce-rtx-3060-tuf-rtx3060-o12g-demonslayer/p/N82E16814126591,7680 x 4320,3 x DisplayPort 1.4a,2 x HDMI 2.1,,TUF-RTX3060-O12G-DEMONSLAYER,0.0
137,MSI Ventus GeForce RTX 3050 8GB GDDR6 PCI Express 4.0 Video Card RTX 3050 Ventus 2X 8G OC,MSI,4.8,109,309.99,Free Shipping,https://www.newegg.com/msi-geforce-rtx-3050-rtx-3050-ventus-2x-8g-oc/p/N82E16814137708,7680 x 4320,3 x DisplayPort 1.4,1 x HDMI 2.1,,RTX 3050 Ventus 2X 8G OC,0.0
930,"ASRock Radeon RX 6800 XT Phantom Gaming Graphics Card with 16GB GDDR6, AMD RDNA 2 (RX6800XT PG 16GO)",ASRock,4.6,135,564.99,Free Shipping,https://www.newegg.com/asrock-radeon-rx-6800-xt-rx6800xt-pgd-16go/p/N82E16814930049,7680 x 4320,3 x DisplayPort 1.4 with DSC,1 x HDMI 2.1 VRR,,RX6800XT PGD 16GO,0.0
133,PNY GeForce RTX 4070 Ti 12GB XLR8 Gaming VERTO EPIC-X RGB Overclocked Triple Fan Graphics Card DLSS 3,"PNY Technologies, Inc.",4.8,6,849.99,Free Shipping,https://www.newegg.com/pny-geforce-rtx-4070-ti-vcg4070t12tfxxpb1-o/p/N82E16814133848,7680 x 4320,3 x DisplayPort 1.4a,1 x HDMI 2.1,,VCG4070T12TFXXPB1-O,0.0
131,PowerColor RED DEVIL Radeon RX 7900 XT 20GB GDDR6 PCI Express 4.0 ATX Video Card RX7900XT 20G-E/OC,PowerColor,4.5,13,899.99,Free Shipping,https://www.newegg.com/powercolor-radeon-rx-7900-xt-rx7900xt-20g-e-oc/p/N82E16814131809,7680 x 4320,3 x DisplayPort 2.1,1 x HDMI 2.1,,RX7900XT 20G-E/OC,0.0
932,GIGABYTE AORUS GeForce RTX 4080 16GB GDDR6X PCI Express 4.0 x16 ATX Video Card GV-N4080AORUS M-16GD,GIGABYTE,4.5,12,1349.99,Free Shipping,https://www.newegg.com/gigabyte-geforce-rtx-4080-gv-n4080aorus-m-16gd/p/N82E16814932559,7680 x 4320,3 x DisplayPort 1.4a,1 x HDMI 2.1,DirectX 12,GV-N4080AORUS M-16GD,0.0
930,ASRock Phantom Gaming D Radeon RX 6500 XT 4GB GDDR6 PCI Express 4.0 Video Card RX6500XT PGD 4GO,ASRock,4.5,64,159.99,Free Shipping,https://www.newegg.com/asrock-radeon-rx-6500-xt-rx6500xt-pgd-4go/p/N82E16814930067,7680 x 4320,1 x DisplayPort 1.4,1 x HDMI 2.1,,RX6500XT PGD 4GO,0.0
137,MSI Ventus GeForce GTX 1660 SUPER 6GB GDDR6 PCI Express 3.0 x16 Video Card GTX 1660 SUPER VENTUS XS OC,MSI,4.6,359,269.99,Free Shipping,https://www.newegg.com/msi-geforce-gtx-1660-super-gtx-1660-super-ventus-xs-oc/p/N82E16814137475,7680 x 4320,3 x DisplayPort 1.4a,1 x HDMI 2.0b,,1660SuperVentusXSOC,0.0
137,MSI Gaming Radeon RX 6800 16GB GDDR6 PCI Express 4.0 Video Card RX 6800 Gaming Z Trio 16G,MSI,4.4,14,569.99,Free Shipping,https://www.newegg.com/msi-rx-6800-gaming-z-trio-16g/p/N82E16814137732,7680 x 4320,3 x DisplayPort 1.4,1 x HDMI 2.1,,RX 6800 Gaming Z Trio 16G,0.0
126,"ASUS TUF Gaming GeForce RTX 4080 OC Edition Gaming Graphics Card (PCIe 4.0, 16GB GDDR6X, HDMI 2.1a, DisplayPort 1.4a) TUF-RTX4080-O16G-GAMING",ASUS,4.5,31,1359.99,Free Shipping,https://www.newegg.com/asus-geforce-rtx-4080-tuf-rtx4080-o16g-gaming/p/N82E16814126598,7680 x 4320,3 x DisplayPort 1.4a,2 x HDMI 2.1,,TUF-RTX4080-O16G-GAMING,0.0
131,PowerColor Fighter Radeon RX 6600 8GB GDDR6 PCI Express 4.0 ATX Video Card AXRX 6600 8GBD6-3DH,PowerColor,4.4,15,239.99,Free Shipping,https://www.newegg.com/powercolor-radeon-rx-6600-axrx-6600-8gbd6-3dh/p/N82E16814131791,7680 x 4320,3 x DisplayPort 1.4,1 x HDMI 2.1,,AXRX 6600 8GBD6-3DH,0.0
137,MSI Ventus GeForce RTX 3070 8GB GDDR6 PCI Express 4.0 Video Card RTX 3070 Ventus 2X 8G OC LHR,MSI,4.7,47,595.99,Free Shipping,https://www.newegg.com/msi-geforce-rtx-3070-rtx-3070-ventus-2x-8g-oc-lhr/p/N82E16814137671,7680 x 4320,3 x DisplayPort 1.4a,1 x HDMI 2.1,,RTX 3070 Ventus 2X 8G OC LHR,0.0
930,ASRock Phantom Gaming D Radeon RX 6750 XT 12GB GDDR6 PCI Express 4.0 Video Card RX6750XT PGD 12GO,ASRock,4.7,6,429.99,Free Shipping,https://www.newegg.com/asrock-radeon-rx-6750-xt-rx6750xt-pgd-12go/p/N82E16814930072,7680 x 4320,3 x DisplayPort 1.4,1 x HDMI 2.1,,RX6750XT PGD 12GO,0.0
930,ASRock Radeon RX 5700 XT Challenger D 8G OC PCI Express 4.0 Video Card,ASRock,3.1,136,229.99,Free Shipping,https://www.newegg.com/asrock-radeon-rx-5700-xt-rx-5700-xt-challenger-d-8g-oc/p/N82E16814930020,7680 x 4320,3 x DisplayPort 1.4,1 x HDMI 2.0b,,5700XTCHALLENGERD8GO,0.0
500,"ZOTAC GAMING GeForce RTX 4080 16GB Trinity OC DLSS 3 16GB GDDR6X 256-bit 22.4 Gbps PCIE 4.0 Gaming Graphics Card, IceStorm 2.0 Advanced Cooling, SPECTRA 2.0 RGB Lighting, ZT-D40810J-10P",ZOTAC,5.0,5,1259.99,Free Shipping,https://www.newegg.com/zotac-geforce-rtx-4080-zt-d40810j-10p/p/N82E16814500543,7680 x 4320,3 x DisplayPort 1.4a,1 x HDMI 2.1,DirectX 12 Ultimate,ZT-D40810J-10P,0.0
137,MSI GeForce RTX 3060 12GB GDDR6 PCI Express 4.0 Video Card RTX 3060 AERO ITX 12G OC,MSI,5.0,7,364.99,Free Shipping,https://www.newegg.com/msi-geforce-rtx-3060-rtx-3060-aero-itx-12g-oc/p/N82E16814137758,7680 x 4320,3 x DisplayPort 1.4a,1 x HDMI 2.1,DirectX 12,RTX 3060 AERO ITX 12G OC,0.0
930,ASRock Phantom Gaming Elite Radeon RX 560 4GB GDDR5 PCI Express 3.0 Video Card RX 560 PGE 4G,ASRock,4.3,9,99.99,Free Shipping,https://www.newegg.com/asrock-radeon-rx-560-rx-560-pge-4g/p/N82E16814930075,7680 x 4320,2 x DisplayPort 1.4,1 x HDMI 2.0,,RX 560 PGE 4G,0.0
932,GIGABYTE Eagle GeForce RTX 4080 16GB GDDR6X PCI Express 4.0 x16 ATX Video Card GV-N4080EAGLE-16GD,GIGABYTE,4.0,1,1199.0,Free Shipping,https://www.newegg.com/gigabyte-geforce-rtx-4080-gv-n4080eagle-16gd/p/N82E16814932563,7680 x 4320,3 x DisplayPort 1.4a,1 x HDMI 2.1,DirectX 12,GV-N4080EAGLE-16GD,0.0
932,GIGABYTE Vision OC GeForce RTX 3060 Ti 8GB GDDR6 PCI Express 4.0 ATX Video Card GV-N306TVISION OC-8GD (rev. 2.0) (LHR),GIGABYTE,4.8,31,479.99,Free Shipping,https://www.newegg.com/gigabyte-geforce-rtx-3060-ti-gv-n306tvision-oc-8gd/p/N82E16814932454,7680 x 4320,2 x DisplayPort 1.4a,2 x HDMI 2.1,,GV-N306TVISION OC-8G,0.0
932,"GIGABYTE GeForce RTX 3050 EAGLE OC 8G Graphics Card, 2x WINDFORCE Fans, 8GB GDDR6 128-bit GDDR6, GV-N3050EAGLE OC-8GD Video Card",GIGABYTE,4.8,23,299.99,Free Shipping,https://www.newegg.com/gigabyte-geforce-rtx-3050-gv-n3050eagle-oc-8gd/p/N82E16814932498,7680 x 4320,2 x DisplayPort 1.4a,2 x HDMI 2.1,,GV-N3050EAGLE OC-8GD,0.0
131,PowerColor AMD Radeon RX 6500XT ITX Gaming Graphics Card 4GB GDDR6,PowerColor,4.1,18,149.99,Free Shipping,https://www.newegg.com/powercolor-radeon-rx-6500-xt-axrx-6500xt-4gbd6-dh/p/N82E16814131793,,1 x DisplayPort 1.4,1 x HDMI 2.1,,AXRX 6500XT 4GBD6-DH,0.0
131,PowerColor RED DEVIL Radeon RX 6750 XT 12GB GDDR6 PCI Express 4.0 ATX Video Card AXRX 6750XT 12GBD6-3DHE/OC,PowerColor,5.0,4,449.99,Free Shipping,https://www.newegg.com/powercolor-radeon-rx-6750-xt-axrx-6750xt-12gbd6-3dhe-oc/p/N82E16814131799,,3 x DisplayPort 1.4,1 x HDMI 2.1,,AXRX 6750XT 12GBD6-3DHE/OC,0.0
126,"ASUS Phoenix NVIDIA GeForce RTX 3060 V2 Gaming Graphics Card (PCIe 4.0, 12GB GDDR6, HDMI 2.1, DisplayPort 1.4a, Axial-tech Fan Design, Protective Backplate, Dual Ball Fan Bearings, Auto-Extreme)",ASUS,4.6,36,373.99,Free Shipping,https://www.newegg.com/asus-geforce-rtx-3060-ph-rtx3060-12g-v2/p/N82E16814126532,7680 x 4320,3 x DisplayPort 1.4a,1 x HDMI 2.1,,PH-RTX3060-12G-V2,0.0
487,"EVGA GeForce GTX 1660 SUPER SC ULTRA GAMING, 06G-P4-1068-KR, 6GB GDDR6, Dual Fan, Metal Backplate",EVGA,4.6,108,249.99,Free Shipping,https://www.newegg.com/evga-geforce-gtx-1660-super-06g-p4-1068-kr/p/N82E16814487479,7680 x 4320,1 x DisplayPort 1.4,1 x HDMI 2.0b,,06G-P4-1068-KR,0.0
500,"ZOTAC GAMING GeForce RTX 4080 16GB AMP Extreme AIRO DLSS 3 16GB GDDR6X 256-bit 22.4 Gbps PCIE 4.0 Gaming Graphics Card, IceStorm 2.0 Advanced Cooling, SPECTRA 2.0 RGB Lighting, ZT-D40810B-10P",ZOTAC,4.3,9,1299.99,Free Shipping,https://www.newegg.com/zotac-geforce-rtx-4080-zt-d40810b-10p/p/N82E16814500541,7680 x 4320,3 x DisplayPort 1.4a,1 x HDMI 2.1,DirectX 12 Ultimate,ZT-D40810B-10P,0.0
932,"GIGABYTE AORUS GeForce RTX 4070 Ti ELITE 12G Graphics Card, 3x WINDFORCE Fans, 12GB 192-bit GDDR6X, GV-N407TAORUS E-12GD Video Card",GIGABYTE,4.0,1,899.99,Free Shipping,https://www.newegg.com/gigabyte-geforce-rtx-4070-ti-gv-n407taorus-e-12gd/p/N82E16814932583,7680 x 4320,3 x DisplayPort 1.4,1 x HDMI 2.1,,GV-N407TAORUS E-12GD,0.0
932,GIGABYTE Vision OC GeForce RTX 3060 12GB GDDR6 PCI Express 4.0 ATX Video Card GV-N3060VISION OC-12GD (rev. 2.0) (LHR),GIGABYTE,4.7,66,409.99,Free Shipping,https://www.newegg.com/gigabyte-geforce-rtx-3060-gv-n3060vision-oc-12gd/p/N82E16814932432,7680 x 4320,2 x DisplayPort 1.4a,2 x HDMI 2.1,,GV-N3060VISION OC-12GD REV 2.0,0.0
137,MSI Ventus GeForce RTX 3060 Ti 8GB GDDR6X PCI Express 4.0 ATX Video Card RTX 3060 Ti VENTUS 3X 8GD6X OC,MSI,4.3,3,459.99,Free Shipping,https://www.newegg.com/msi-geforce-rtx-3060-ti-rtx-3060-ti-ventus-3x-8gd6x-oc/p/N82E16814137774,7680 x 4320,3 x DisplayPort 1.4a,1 x HDMI 2.1,DirectX 12,RTX 3060 Ti VENTUS 3X 8GD6X OC,0.0
202,SAPPHIRE PULSE Radeon RX 6400 4GB GDDR6 PCI Express 4.0 Low Profile Video Card 11315-01-20G,Sapphire Tech,4.6,17,149.99,Free Shipping,https://www.newegg.com/sapphire-radeon-rx-6400-11315-01-20g/p/N82E16814202416,7680 x 4320,1 x DisplayPort 1.4,1 x HDMI,,11315-01-20G,0.0
932,GIGABYTE Gaming Radeon RX 7900 XT 20GB GDDR6 PCI Express 4.0 x16 ATX Video Card GV-R79XTGAMING OC-20GD,GIGABYTE,5.0,1,949.99,Free Shipping,https://www.newegg.com/gigabyte-radeon-rx-7900-xt-gv-r79xtgaming-oc-20gd/p/N82E16814932585,7680 x 4320,2 x DisplayPort 2.1,2 x HDMI 2.1,,GV-R79XTGAMING OC-20GD,0.0
202,SAPPHIRE PULSE Radeon RX 6600 8GB GDDR6 PCI Express 4.0 ATX Video Card 11310-01-20G,Sapphire Tech,4.7,55,249.99,Free Shipping,https://www.newegg.com/sapphire-radeon-rx-6600-11310-01-20g/p/N82E16814202409,7680 x 4320,3 x DisplayPort 1.4,1 x HDMI,,11310-01-20G,0.0
487,"EVGA GeForce GTX 1660 SC ULTRA GAMING, 06G-P4-1067-KR, 6GB GDDR5, Dual Fan, Metal Backplate",EVGA,4.5,85,249.99,Free Shipping,https://www.newegg.com/evga-geforce-gtx-1660-06g-p4-1067-kr/p/N82E16814487448,7680 x 4320,1 x DisplayPort 1.4,1 x HDMI 2.0b,,06G-P4-1067-KR,0.0
133,PNY GeForce RTX 4080 16GB XLR8 Gaming VERTO EPIC-X RGB Overclocked Triple Fan Graphics Card DLSS 3,"PNY Technologies, Inc.",4.8,5,1229.99,Free Shipping,https://www.newegg.com/pny-geforce-rtx-4080-vcg408016tfxxpb1-o/p/N82E16814133844,7680 x 4320,3 x DisplayPort 1.4a,1 x HDMI 2.1,,VCG408016TFXXPB1-O,0.0
137,MSI Suprim GeForce RTX 4090 24GB GDDR6X PCI Express 4.0 Video Card RTX 4090 SUPRIM LIQUID 24G,MSI,4.6,19,1799.99,$19.99 Shipping,https://www.newegg.com/msi-geforce-rtx-4090-rtx-4090-suprim-liquid-24g/p/N82E16814137779,7680 x 4320,3 x DisplayPort 1.4a,1 x HDMI 2.1a,DirectX 12 Ultimate,RTX 4090 SUPRIM LIQUID 24G,19.99
930,ASRock Challenger D Radeon RX 5600 XT RX5600XT CLD 6GO 6GB (14Gbps) 192-Bit GDDR6 PCI Express 4.0 x16 HDCP Ready Video Card,ASRock,3.5,70,199.99,Free Shipping,https://www.newegg.com/asrock-radeon-rx-5600-xt-rx5600xt-cld-6go/p/N82E16814930030,8K HDR 60Hz,3 x DisplayPort 1.4,1 x HDMI 2.0b,,RX5600XT CLD 6GO,0.0
487,"EVGA GeForce RTX 2060 SC GAMING, 06G-P4-2062-KR, 6GB GDDR6, HDB Fan",EVGA,4.7,18,293.99,Free Shipping,https://www.newegg.com/evga-geforce-rtx-2060-06g-p4-2062-kr/p/N82E16814487434,7680 x 4320,1 x DisplayPort 1.4,1 x HDMI 2.0b,,06G-P4-2062-KR,0.0
202,SAPPHIRE PULSE Radeon RX 6650 XT 8GB GDDR6 PCI Express 4.0 ATX Video Card 11319-03-20G,Sapphire Tech,4.6,5,309.99,Free Shipping,https://www.newegg.com/sapphire-11319-03-20g/p/N82E16814202423,7680 x 4320,3 x DisplayPort 1.4,1 x HDMI,,11319-03-20G,0.0
126,ASUS Phoenix GeForce RTX 3050 8GB GDDR6 PCI Express 4.0 Video Card PH-RTX3050-8G,ASUS,4.6,34,284.99,Free Shipping,https://www.newegg.com/asus-geforce-rtx-3050-ph-rtx3050-8g/p/N82E16814126558,7680 x 4320,3 x DisplayPort 1.4a,1 x HDMI 2.1,,PH-RTX3050-8G,0.0
126,ASUS TUF Gaming GeForce GTX 1660 SUPER Overclocked 6GB Edition HDMI DP DVI Gaming Graphics Card (TUF-GTX1660S-O6G-GAMING),ASUS,4.6,187,269.99,Free Shipping,https://www.newegg.com/asus-geforce-gtx-1660-super-tuf-gtx1660s-o6g-gaming/p/N82E16814126359,7680 x 4320,1 x DisplayPort 1.4,,,TUF-GTX1660S-O6G-GAM,0.0
932,GIGABYTE Eagle Radeon RX 6500 XT 4GB GDDR6 PCI Express 4.0 ATX Video Card GV-R65XTEAGLE-4GD,GIGABYTE,4.4,17,159.99,Free Shipping,https://www.newegg.com/gigabyte-radeon-rx-6500-xt-gv-r65xteagle-4gd/p/N82E16814932492,7680 x 4320,1 x DisplayPort 1.4a,1 x HDMI 2.1,,GV-R65XTEAGLE-4GD,0.0
137,MSI Ventus GeForce GTX 1630 4GB GDDR6 PCI Express 3.0 Video Card GTX 1630 VENTUS XS 4G OC,MSI,5.0,4,139.99,Free Shipping,https://www.newegg.com/msi-geforce-gtx-1630-gtx-1630-ventus-xs-4g-oc/p/N82E16814137756,7680 x 4320,1 x DisplayPort 1.4a,1 x HDMI 2.0b,,GTX 1630 VENTUS XS 4G OC,0.0
202,SAPPHIRE PULSE Radeon RX 6500 XT 4GB GDDR6 PCI Express 4.0 ATX Video Card 11314-01-20G,Sapphire Tech,4.8,25,169.99,Free Shipping,https://www.newegg.com/sapphire-radeon-rx-6500-xt-11314-01-20g/p/N82E16814202412,7680 x 4320,1 x DisplayPort,1 x HDMI,,11314-01-20G,0.0
932,GIGABYTE AORUS Radeon RX 6950 XT 16GB GDDR6 PCI Express 4.0 ATX Video Card GV-R695XTAORUSX WB-16GD,GIGABYTE,5.0,1,899.99,Free Shipping,https://www.newegg.com/gigabyte-radeon-rx-6950-xt-gv-r695xtaorusx-wb-16gd/p/N82E16814932540,7680 x 4320,2 x DisplayPort 1.4a,2 x HDMI 2.1,,GV-R695XTAORUSX WB-16GD,0.0
932,GIGABYTE Eagle GeForce RTX 3050 8GB GDDR6 PCI Express 4.0 ATX Video Card GV-N3050EAGLE-8GD,GIGABYTE,4.3,6,289.99,Free Shipping,https://www.newegg.com/gigabyte-geforce-rtx-3050-gv-n3050eagle-8gd/p/N82E16814932497,7680 x 4320,2 x DisplayPort 1.4a,2 x HDMI 2.1,,GV-N3050EAGLE-8GD,0.0
137,MSI GeForce RTX 3050 8GB GDDR6 PCI Express 4.0 Video Card RTX 3050 AERO ITX 8G OC,MSI,4.8,4,299.99,Free Shipping,https://www.newegg.com/msi-geforce-rtx-3050-rtx-3050-aero-itx-8g-oc/p/N82E16814137729,7680 x 4320,3 x DisplayPort 1.4,1 x HDMI 2.1,,RTX 3050 AERO ITX 8G OC,0.0
932,GIGABYTE AORUS Radeon RX 6750 XT 12GB GDDR6 PCI Express 4.0 ATX Video Card GV-R675XTAORUS E-12GD,GIGABYTE,4.7,13,529.99,Free Shipping,https://www.newegg.com/gigabyte-gv-r675xtaorus-e-12gd/p/N82E16814932518,7680 x 4320,2 x DisplayPort 1.4a,2 x HDMI 2.1,,GV-R675XTAORUS E-12GD,0.0
930,ASRock Challenger Radeon RX 6400 4GB GDDR6 PCI Express 4.0 ITX Video Card RX6400 CLI 4G,ASRock,4.8,4,139.99,Free Shipping,https://www.newegg.com/asrock-radeon-rx-6400-rx6400-cli-4g/p/N82E16814930068,7680 x 4320,1 x DisplayPort 1.4,1 x HDMI 2.1,,RX6400 CLI 4G,0.0
133,PNY VERTO GeForce RTX 3060 Ti 8GB GDDR6 PCI Express 4.0 x16 ATX Video Card VCG3060T8LDFBPB1,"PNY Technologies, Inc.",5.0,1,419.99,Free Shipping,https://www.newegg.com/pny-geforce-rtx-3060-ti-vcg3060t8ldfbpb1/p/N82E16814133846,7680 x 4320,3 x DisplayPort 1.4a,1 x HDMI 2.1,,VCG3060T8LDFBPB1,0.0
137,MSI AERO GeForce GTX 1630 4GB GDDR6 PCI Express 3.0 ITX Video Card GTX 1630 AERO ITX 4G OC,MSI,5.0,1,139.99,Free Shipping,https://www.newegg.com/msi-geforce-gtx-1630-gtx-1630-aero-itx-4g-oc/p/N82E16814137757,7680 x 4320,1 x DisplayPort 1.4a,1 x HDMI 2.0b,,GTX 1630 AERO ITX 4G OC,0.0
127,MSI GeForce 210 1GB DDR3 PCI Express 2.0 x16 Low Profile Ready Video Card N210-MD1G/D3,MSI,4.0,89,49.99,Free Shipping,https://www.newegg.com/msi-geforce-210-n210-md1g-d3/p/N82E16814127515,2560 x 1600,,1 x HDMI,,N210-MD1G/D3,0.0
487,EVGA GeForce GT 730 2GB GDDR5 PCI Express 2.0 Low Profile Video Card 02G-P3-3733-KR,EVGA,4.5,48,69.99,Free Shipping,https://www.newegg.com/evga-geforce-gt-730-02g-p3-3733-kr/p/N82E16814487052,4096 x 2160,,1 x HDMI,,02G-P3-3733-KR,0.0
137,MSI Gaming GeForce RTX 4080 16GB GDDR6X PCI Express 4.0 Video Card RTX 4080 16GB GAMING TRIO,MSI,4.5,2,1289.99,Free Shipping,https://www.newegg.com/msi-geforce-rtx-4080-rtx-4080-16gb-gaming-trio-a/p/N82E16814137775,7680 x 4320,3 x DisplayPort 1.4a,1 x HDMI 2.1,DirectX 12 Ultimate,RTX 4080 16GB GAMING TRIO,0.0
500,"ZOTAC GAMING GeForce RTX 4090 AMP Extreme AIRO DLSS 3 24GB GDDR6X 384-bit 21 Gbps PCIE 4.0 Gaming Graphics Card, IceStorm 3.0 Advanced Cooling, SPECTRA 2.0 RGB Lighting, ZT-D40900B-10P",ZOTAC,4.4,8,1749.99,Free Shipping,https://www.newegg.com/zotac-geforce-rtx-4090-zt-d40900b-10p/p/N82E16814500538,,3 x DisplayPort 1.4a,1 x HDMI 2.1,DirectX 12 Ultimate,ZT-D40900B-10P,0.0
131,PowerColor Fighter Radeon RX 6500 XT 4GB GDDR6 PCI Express 4.0 ATX Video Card AXRX 6500XT 4GBD6-DH/OC,PowerColor,4.1,8,159.99,Free Shipping,https://www.newegg.com/powercolor-radeon-rx-6500-xt-axrx-6500xt-4gbd6-dh-oc/p/N82E16814131792,,1 x DisplayPort 1.4,1 x HDMI 2.1,,AXRX 6500XT 4GBD6-DH/OC,0.0
137,MSI Suprim GeForce RTX 4080 16GB GDDR6X PCI Express 4.0 Video Card RTX 4080 16GB SUPRIM,MSI,5.0,1,1389.99,Free Shipping,https://www.newegg.com/msi-geforce-rtx-4080-rtx-4080-16gb-suprim/p/N82E16814137780,7680 x 4320,3 x DisplayPort 1.4a,1 x HDMI 2.1a,DirectX 12 Ultimate,RTX 4080 16GB SUPRIM,0.0
131,PowerColor Red Dragon Radeon RX 550 4GB GDDR5 PCI Express 3.0 x8 ATX Video Card AXRX 550 4GBD5-HLE,PowerColor,5.0,1,89.99,Free Shipping,https://www.newegg.com/powercolor-radeon-rx-550-axrx-550-4gbd5-hle/p/N82E16814131804,,,1 x HDMI,DirectX 12,AXRX 550 4GBD5-HLE,0.0
932,"GIGABYTE GeForce GT 730 GV-N730D3-2GI (rev. 3.0) Graphics Card, 2GB 64-bit GDDR3, GV-N730D3-2GI REV3.0 Video Card",GIGABYTE,4.7,9,69.99,$9.99 Shipping,https://www.newegg.com/gigabyte-geforce-gt-730-gv-n730d3-2gi-rev3-0/p/N82E16814932480,"4096 x 2160 (Through HDMI connector)
2048 x 1536 (Analog max resolution)",,1 x HDMI,,GV-N730D3-2GI REV3.0,9.99
487,"EVGA GeForce RTX 2060 GAMING, 06G-P4-2060-KR, 6GB GDDR6, HDB Fan",EVGA,4.0,6,279.99,Free Shipping,https://www.newegg.com/evga-geforce-rtx-2060-06g-p4-2060-kr/p/N82E16814487435,7680 x 4320,1 x DisplayPort 1.4,1 x HDMI 2.0b,,06G-P4-2060-KR,0.0
131,PowerColor R7 240 Radeon R7 240 4GB GDDR5 PCI Express 3.0 x8 Video Card AXR7 240 4GBD5-HLEV2,PowerColor,1.0,1,49.99,Free Shipping,https://www.newegg.com/powercolor-radeon-r7-240-axr7-240-4gbd5-hlev2/p/N82E16814131805,,,1 x HDMI,DirectX 12,AXR7 240 4GBD5-HLEV2,0.0
202,Sapphire Pulse AMD Radeon RX 6700 XT Gaming 12GB GDDR6 HDMI / Triple DP (11306-02-20G),Sapphire Tech,4.5,19,379.99,Free Shipping,https://www.newegg.com/sapphire-radeon-rx-6700-xt-11306-02-20g/p/N82E16814202400,7680 x 4320,3 x DisplayPort,1 x HDMI,,11306-02-20G,0.0
0002,XFX Speedster MERC 319 AMD RX 6950 XT Black Gaming Graphics Card with 16GB GDDR6 RX-695XATBD9,XFX,4.4,31,699.99,Free Shipping,https://www.newegg.com/xfx-radeon-rx-6950-xt-rx-695xatbd9/p/27N-0002-00172,7680 x 4320,3 x DisplayPort 1.4,1 x HDMI 2.1,,RX-695XATBD9,0.0
000P,PNY VERTO GeForce RTX 3060 12GB GDDR6 PCI Express 4.0 x16 Video Card VCG306012DFBPB1,"PNY Technologies, Inc.",5.0,1,359.99,Free Shipping,https://www.newegg.com/pny-geforce-rtx-3060-vcg306012dfbpb1/p/1FT-000P-005R4,7680 x 4320,3 x DisplayPort 1.4a,1 x HDMI 2.1,,VCG306012DFBPB1,0.0
126,"ASUS ROG Strix NVIDIA GeForce RTX 4070 Ti Gaming Graphics Card (PCIe 4.0, 12GB GDDR6X, HDMI 2.1a, DisplayPort 1.4a) ROG-STRIX-RTX4070TI-12G-GAMING",ASUS,5.0,1,949.99,Free Shipping,https://www.newegg.com/asus-geforce-rtx-4070-ti-rog-strix-rtx4070ti-12g-gaming/p/N82E16814126605,7680 x 4320,3 x DisplayPort 1.4a,2 x HDMI 2.1a,,ROG-STRIX-RTX4070TI-12G-GAMING,0.0
126,"ASUS ROG Strix GeForce RTX 4080 Gaming Graphics Card (PCIe 4.0, 16GB GDDR6X, HDMI 2.1a, DisplayPort 1.4a) ROG-STRIX-RTX4080-16G-GAMING",ASUS,5.0,1,1499.99,Free Shipping,https://www.newegg.com/asus-geforce-rtx-4080-rog-strix-rtx4080-16g-gaming/p/N82E16814126601,7680 x 4320,3 x DisplayPort 1.4a,2 x HDMI 2.1,,ROG-STRIX-RTX4080-16G-GAMING,0.0
131,PowerColor Hellhound Radeon RX 6600 8GB GDDR6 PCI Express 4.0 ATX Video Card AXRX 6600 8GBD6-3DHL,PowerColor,4.6,13,259.99,Free Shipping,https://www.newegg.com/powercolor-radeon-rx-6600-axrx-6600-8gbd6-3dhl/p/N82E16814131790,7680 x 4320,3 x DisplayPort 1.4,1 x HDMI 2.1,,AXRX 6600 8GBD6-3DHL,0.0
126,ASUS Phoenix GeForce GTX 1630 4GB GDDR6 PCI Express 3.0 Video Card PH-GTX1630-4G,ASUS,5.0,1,185.99,Free Shipping,https://www.newegg.com/asus-geforce-gtx-1630-ph-gtx1630-4g/p/N82E16814126589,7680 x 4320,1 x DisplayPort 1.4a,,,PH-GTX1630-4G,0.0
129,"Visiontek Radeon HD 7750 2GB GDDR5 6M (6 x Mini DP), 900614",VisionTek,3.9,23,240.99,Free Shipping,https://www.newegg.com/visiontek-radeon-hd-7750-900614/p/N82E16814129274,,6 x Mini DisplayPort,,,900614,0.0
129,VisionTek Radeon HD 6570 1GB GDDR3 PCI Express 2.0 x16 Video Card 901491,VisionTek,4.8,5,65.99,Free Shipping,https://www.newegg.com/visiontek-radeon-hd-6570-901491/p/N82E16814129427,1920 x 1080,,1 x HDMI,,901491,0.0
126,ASUS GeForce GT 730 2GB DDR3 PCI Express 2.0 x8 Video Card GT730-SL-2GD3-BRK-EVO,ASUS,5.0,2,77.77,Free Shipping,https://www.newegg.com/asus-geforce-gt-730-gt730-sl-2gd3-brk-evo/p/N82E16814126592,3840 x 2160,,1 x HDMI,,GT730-SL-2GD3-BRK-EVO,0.0
487,"EVGA GeForce RTX 2060 KO ULTRA GAMING Video Card, 06G-P4-2068-KR, 6GB GDDR6, Dual Fans, Metal Backplate",EVGA,4.5,241,289.99,Free Shipping,https://www.newegg.com/evga-geforce-rtx-2060-06g-p4-2068-kr/p/N82E16814487486,7680 x 4320,1 x DisplayPort 1.4,1 x HDMI 2.0b,,06G-P4-2068-KR,0.0
129,"Visiontek Radeon HD 7750 SFF 1GB DDR3 3M (2 x HDMI, Mini DP), 900574",VisionTek,4.6,5,151.99,Free Shipping,https://www.newegg.com/visiontek-radeon-hd-7750-900574/p/N82E16814129271,2560 x 1600,1 x Mini DisplayPort,,,900574,0.0
129,VisionTek Radeon 7750 SFF 2GB GDDR5 4M (4 x miniDP) (900798),VisionTek,2.3,4,206.99,Free Shipping,https://www.newegg.com/visiontek-radeon-hd-7750-900798/p/N82E16814129314,,4 x Mini DisplayPort,,,900798,0.0
131,PowerColor RED DEVIL Radeon RX 6950 XT 16GB GDDR6 PCI Express 4.0 ATX Video Card AXRX 6950XT 16GBD6-3DHE/OC,PowerColor,2.0,1,899.99,Free Shipping,https://www.newegg.com/powercolor-radeon-rx-6950-xt-axrx-6950xt-16gbd6-3dhe-oc/p/N82E16814131798,,3 x DisplayPort 1.4,1 x HDMI 2.1,,AXRX 6950XT 16GBD6-3DHE/OC,0.0
126,"ASUS TUF Gaming NVIDIA GeForce RTX 4070 Ti Gaming Graphics Card (PCIe 4.0, 12GB GDDR6X, HDMI 2.1a, DisplayPort 1.4a) TUF-RTX4070TI-12G-GAMING",ASUS,4.9,15,799.99,Free Shipping,https://www.newegg.com/asus-geforce-rtx-4070-ti-tuf-rtx4070ti-12g-gaming/p/N82E16814126607,7680 x 4320,3 x DisplayPort 1.4a,2 x HDMI 2.1a,,TUF-RTX4070TI-12G-GAMING,0.0
932,Refurbished GIGABYTE GeForce GTX 1050 Ti 4GB GDDR5 PCI Express 3.0 x16 ATX Video Cards GV-N105TD5-4GD,GIGABYTE,5.0,8,114.99,Free Shipping,https://www.newegg.com/gigabyte-geforce-gtx-1050-ti-gv-n105td5-4gd/p/N82E16814932020,7680 x 4320,1 x DisplayPort 1.4,,,GV-N105TD5-4GD,0.0
932,Refurbished GIGABYTE GeForce GT 1030 2GB DDR4 Low Profile Video Card GV-N1030D4-2GL,GIGABYTE,3.5,4,61.99,Free Shipping,https://www.newegg.com/gigabyte-geforce-gt-1030-gv-n1030d4-2gl/p/N82E16814932095,4096 x 2160,,1 x HDMI 2.0b,,GV-N1030D4-2GL,0.0
932,Refurbished GIGABYTE GeForce GT 1030 2GB GDDR5 Low Profile Video Card GV-N1030D5-2GL,GIGABYTE,4.4,7,67.99,Free Shipping,https://www.newegg.com/gigabyte-geforce-gt-1030-gv-n1030d5-2gl/p/N82E16814932045,4096 x 2160,,1 x HDMI 2.0b,,GV-N1030D5-2GL,0.0
000A,"Refurbished GIGABYTE GeForce GT 1030 Slience Low Profile 2GB, GV-N1030SL-2GL",GIGABYTE,4.8,4,64.99,Free Shipping,https://www.newegg.com/gigabyte-geforce-gt-1030-gv-n1030sl-2gl/p/1FT-000A-000G6,4096 x 2160,,1 x HDMI 2.0b,,GV-N1030SL-2GL,0.0
000A,Refurbished GIGABYTE GeForce GT 1030 2GB GDDR5 ATX Video Cards GV-N1030OC-2GI,GIGABYTE,3.9,7,81.99,Free Shipping,https://www.newegg.com/gigabyte-geforce-gt-1030-gv-n1030oc-2gi/p/1FT-000A-000G5,,,1 x HDMI 2.0b,,GV-N1030OC-2GI,0.0
883,Intel Arc A750 Limited Edition 8GB PCI Express 4.0 Graphics Card 21P02J00BA,Intel,4.3,44,249.99,Free Shipping,https://www.newegg.com/intel-arc-a750-21p02j00ba/p/N82E16814883002,7680 x 4320,3 x DisplayPort 2.0,1 x HDMI 2.1,,21P02J00BA,0.0
126,"ASUS TUF Gaming Radeon RX 7900 XTX OC Edition 24GB GDDR6 Graphics Card (PCIe 4.0, 24GB GDDR6, HDMI 2.1a, DisplayPort 2.1) TUF-RX7900XTX-O24G-GAMING",ASUS,5.0,3,1199.99,Free Shipping,https://www.newegg.com/asus-radeon-rx-7900-xtx-tuf-rx7900xtx-o24g-gaming/p/N82E16814126626,7680 x 4320,3 x DisplayPort 2.1,1 x HDMI 2.1,,TUF-RX7900XTX-O24G-GAMING,0.0
131,PowerColor RED DEVIL Radeon RX 7900 XTX 24GB GDDR6 PCI Express 4.0 ATX Video Card RX7900XTX 24G-E/OC,PowerColor,4.2,6,1099.99,Free Shipping,https://www.newegg.com/powercolor-radeon-rx-7900-xtx-rx7900xtx-24g-e-oc/p/N82E16814131807,7680 x 4320,3 x DisplayPort 2.1,1 x HDMI 2.1,,RX7900XTX 24G-E/OC,0.0
126,"ASUS ROG Strix GeForce RTX 4080 White OC Edition Gaming Graphics Card (PCIe 4.0, 16GB GDDR6X, HDMI 2.1a, DisplayPort 1.4a) ROG-STRIX-RTX4080-O16G-WHITE",ASUS,5.0,3,1599.99,Free Shipping,https://www.newegg.com/asus-geforce-rtx-4080-rog-strix-rtx4080-o16g-white/p/N82E16814126618,7680 x 4320,3 x DisplayPort 1.4a,2 x HDMI 2.1a,,ROG-STRIX-RTX4080-O16G-WHITE,0.0
930,ASRock AQUA Radeon RX 7900 XTX 24GB GDDR6 PCI Express 4.0 ATX Video Card RX7900XTX AQ 24GO,ASRock,3.1,7,1449.99,$13.99 Shipping,https://www.newegg.com/asrock-radeon-rx-7900-xtx-rx7900xtx-aq-24go/p/N82E16814930079,7680 x 4320,3 x DisplayPort 2.1,1 x HDMI 2.1,,RX7900XTX AQ 24GO,13.99
126,"ASUS ROG Strix GeForce RTX 4090 White OC Edition Gaming Graphics Card (PCIe 4.0, 24GB GDDR6X, HDMI 2.1a, DisplayPort 1.4a) ROG-STRIX-RTX4090-O24G-WHITE",ASUS,4.8,5,2099.99,$19.99 Shipping,https://www.newegg.com/asus-geforce-rtx-4090-rog-strix-rtx4090-o24g-white/p/N82E16814126616,7680 x 4320,3 x DisplayPort 1.4a,2 x HDMI 2.1a,,ROG-STRIX-RTX4090-O24G-WHITE,19.99
932,GIGABYTE AORUS GeForce RTX 4090 24GB GDDR6X PCI Express 4.0 ATX Video Card GV-N4090AORUSX W-24GD,GIGABYTE,4.5,27,1909.99,$19.99 Shipping,https://www.newegg.com/gigabyte-geforce-rtx-4090-gv-n4090aorusx-w-24gd/p/N82E16814932556,7680 x 4320,3 x DisplayPort 1.4a,1 x HDMI 2.1,,GV-N4090AORUSX W-24GD,19.99
137,MSI Gaming Radeon RX 6800 XT 16GB GDDR6 PCI Express 4.0 Video Card RX 6800 XT Gaming Z Trio 16G,MSI,4.4,65,567.99,Free Shipping,https://www.newegg.com/msi-radeon-rx-6800-xt-rx-6800-xt-gaming-z-trio-16g/p/N82E16814137720,7680 x 4320,3 x DisplayPort 1.4,1 x HDMI 2.1,,RX 6800 XT Gaming Z Trio 16G,0.0
932,GIGABYTE AORUS GeForce RTX 4080 16GB GDDR6X PCI Express 4.0 ATX Video Card GV-N4080AORUSX W-16GD,GIGABYTE,4.8,13,1449.99,Free Shipping,https://www.newegg.com/gigabyte-geforce-rtx-4080-gv-n4080aorusx-w-16gd/p/N82E16814932558,7680 x 4320,3 x DisplayPort 1.4a,1 x HDMI 2.1,,GV-N4080AORUSX W-16GD,0.0
126,ASUS Dual Radeon RX 6500 XT 4GB GDDR6 PCI Express 4.0 CrossFireX Support Video Card DUAL-RX6500XT-O4G,ASUS,4.5,12,109.99,Free Shipping,https://www.newegg.com/asus-radeon-rx-6500-xt-dual-rx6500xt-o4g/p/N82E16814126553,7680 x 4320,1 x DisplayPort 1.4a,1 x HDMI 2.1,,DUAL-RX6500XT-O4G,0.0
932,GIGABYTE AORUS GeForce RTX 4080 16GB GDDR6X PCI Express 4.0 ATX Video Card GV-N4080AORUSX WB-16GD,GIGABYTE,3.8,19,1449.99,Free Shipping,https://www.newegg.com/gigabyte-geforce-rtx-4080-gv-n4080aorusx-wb-16gd/p/N82E16814932557,7680 x 4320,3 x DisplayPort 1.4a,1 x HDMI 2.1,,GV-N4080AORUSX WB-16GD,0.0
126,"ASUS Phoenix NVIDIA GeForce GTX 1650 OC Edition Gaming Graphics Card (PCIe 3.0, 4GB GDDR6 memory, HDMI 2.0, DisplayPort 1.4a, DVI-D, Dual ball fan bearings, Auto-Extreme) PH-GTX1650-O4GD6-P-EVO",ASUS,5.0,1,179.99,Free Shipping,https://www.newegg.com/asus-geforce-gtx-1650-ph-gtx1650-o4gd6-p-evo/p/N82E16814126624,7680 x 4320,1 x DisplayPort 1.4a,1 x HDMI 2.0b,,PH-GTX1650-O4GD6-P-EVO,0.0
